id;name;image;url;external_id;popularity;genres
1;mobile Fish;Home Loan Account Table Computer;http://jadon.org;Savings Account alarm;2058;Producer
2;Implementation Electronics Officer;methodology Albania;http://alba.biz;Investment Account Steel;29214;24/7 Common bluetooth
3;syndicate;Mississippi Refined Rubber Chicken Table;http://adonis.org;Planner cross-platform access;9767;Nakfa
4;Bahamian Dollar Investment Account;Games Regional Digitized;https://nicolas.biz;Costa Rica Mayotte;18485;Facilitator
5;Views e-enable Communications;National Awesome sky blue;http://victoria.biz;scale interactive generating;35675;mission-critical Faroe Islands Plastic
6;Car Industrial deliverables;orange Books;https://cloyd.net;application quantify Unbranded Plastic Tuna;11586;IB Investment Account archive
7;envisioneer;moratorium pixel withdrawal;https://kelley.info;Frozen bus;76078;Idaho compress Avon
8;system Small;Intelligent Outdoors;https://jarrell.biz;Buckinghamshire Corporate;24929;relationships override
9;Brand;neutral Salad;https://lindsey.net;deposit;87146;digital maroon
10;EXE projection Fresh;support Gorgeous;http://luz.info;copying;86073;Games
