id;name;followers;genres;external_id;image;popularity;url
1;mobile Fish;77969;Savings Account Dam;Practical Fresh Pants;Metal deposit;5641;https://mireya.net
2;red Chips Soap;30424;Albania web-readiness;Namibia;Steel zero administration;36636;http://jackson.com
3;Savings Account syndicate Planner;46676;HDD;Table Small Frozen Sausages Planner;envisioneer Music Public-key;24102;http://marjorie.com
4;Buckinghamshire Games;90932;Digitized invoice;convergence;Mayotte;18485;http://wade.org
5;Views e-enable Communications;72727;archive Georgia Aruba;software scale interactive;Louisiana Specialist Home Loan Account;27599;http://elenor.net
6;Small;98688;index orange;Jewelery;monitor;72900;https://olen.name
7;Identity;65107;Internal;Investment Account archive Fantastic Plastic Chicken;payment;59129;https://dorris.org
8;Junction Frozen;71324;synthesize Idaho compress;Sleek Metal Table Small;Intelligent Outdoors;63641;http://emelie.name
9;European Unit of Account 9(E.U.A.-9) Concrete;60441;Saint Lucia white;Generic neutral Salad;Auto Loan Account modular Refined;45653;https://cyrus.biz
10;Human Ghana;80744;National;Direct;Profit-focused;42710;http://rebeca.info
