id;name;url;external_id;image;owner;description
1;mobile Fish;https://lavinia.name;Dam;Practical Fresh Pants;Metal deposit;Producer
2;Implementation Electronics Officer;https://elliott.name;Grocery Home;Investment Account Steel;Coordinator;Common
3;Savings Account syndicate Planner;http://alyce.org;Yuan Renminbi Centers;Factors;South Dakota envisioneer Music;Nakfa
4;Bahamian Dollar Investment Account;https://alexzander.biz;incentivize Tuna copy;Costa Rica Mayotte;Industrial;connect Markets Chief
5;capacitor archive;https://cleve.name;Tactics;scale interactive generating;Specialist Home Loan Account;Plastic
6;Car Industrial deliverables;http://cloyd.biz;Jewelery;monitor;1080p Checking Account Identity;Frozen IB
7;Highway Ergonomic;http://elvera.net;payment;withdrawal COM;embrace Developer;synthesize Idaho compress
8;Sleek Metal Table Small;http://bernadette.biz;Dynamic;knowledge base Buckinghamshire;Concrete Investment Account Saint Lucia;User-centric
9;Money Market Account;https://caroline.org;Auto Loan Account modular Refined;digital maroon;EXE projection Fresh;support Gorgeous
10;withdrawal;http://rebeca.info;ability Hat Iraq;magenta Concrete;User-centric Gloves;Mauritania
