id;name;url;external_id
1;mobile Fish;https://lavinia.name;Dam
2;Practical Fresh Pants;https://bryon.net;Movies Producer
3;Implementation Electronics Officer;https://elliott.name;Grocery Home
4;Investment Account Steel;http://wayne.info;Common
5;Savings Account syndicate Planner;http://alyce.org;Yuan Renminbi Centers
6;Factors;https://kelton.net;access Intelligent
7;Monitored Bahamian Dollar Investment Account;https://alexzander.biz;incentivize Tuna copy
8;Costa Rica Mayotte;http://alexandrea.org;connect Markets Chief
9;capacitor archive;https://cleve.name;Tactics
10;scale interactive generating;http://virgie.biz;Faroe Islands Plastic
